title,company,location,link
데이터 분석가 (Business Intelligence Analyst),코스닥 상장 중견 게임기업,서울 강남구,https://kr.indeed.com/viewjob?jk=c1037225077ca4da&tk=1dsr5b5jr7lsj800&from=serp&vjs=3
"Front End Software Engineer, TensorFlow",Google,서울,https://kr.indeed.com/viewjob?jk=bb22e1b9b7683013&tk=1dsr5b5jr7lsj800&from=serp&vjs=3
Associate Application Engineer OPC,Siemens AG,경기도 성남,https://kr.indeed.com/viewjob?jk=0325380fce16f73b&tk=1dsr5b5jr7lsj800&from=serp&vjs=3
Undergrad Intern - Software Engineer,Intel,서울,https://kr.indeed.com/viewjob?jk=330072f3730ee5a9&tk=1dsr5b5jr7lsj800&from=serp&vjs=3
Undergrad Intern - Computer Vision/Machine Learning,Intel,서울,https://kr.indeed.com/viewjob?jk=b2253ab4c8e59e33&tk=1dsr5b5jr7lsj800&from=serp&vjs=3
데이터 분석가,카카오,성남 판교역,https://kr.indeed.com/viewjob?jk=092d062a6faa7139&tk=1dsr5b5jr7lsj800&from=serp&vjs=3
대용량 분산 스토리지 개발자,카카오,성남 판교역,https://kr.indeed.com/viewjob?jk=37d1f6dbb37f8a38&tk=1dsr5b5jr7lsj800&from=serp&vjs=3
추천 시스템 연구/개발,카카오,성남 판교역,https://kr.indeed.com/viewjob?jk=be6c1f03fa566f8e&tk=1dsr5b5jr7lsj800&from=serp&vjs=3
분석지원팀 - 데이터 분석가,Nexon,성남 분당구,https://kr.indeed.com/viewjob?jk=4233609a843b5e96&tk=1dsr5b5jr7lsj800&from=serp&vjs=3
추천 통계분석/데이터사이언티스트,Ground X,성남 판교역,https://kr.indeed.com/viewjob?jk=bfe0f5ac4f32ec89&tk=1dsr5b5jr7lsj800&from=serp&vjs=3
[카카오 클라우드] 클라우드 개발자(Monitoring as a Service),카카오페이,성남 판교역,https://kr.indeed.com/viewjob?jk=6b65a5a35da64ed3&tk=1dsr5b5jr7lsj800&from=serp&vjs=3
H/W application Engineer,Qualcomm,서울,https://kr.indeed.com/viewjob?jk=bca18ecf2b70beb3&tk=1dsr5b5jr7lsj800&from=serp&vjs=3
"Partner Engineer, Google Assistant",Google,서울,https://kr.indeed.com/viewjob?jk=c6398dbbd3c4f4d9&tk=1dsr5b5jr7lsj800&from=serp&vjs=3
[인프라] 미들웨어 관리자,한국카카오은행,성남 분당구,https://kr.indeed.com/viewjob?jk=3ed87db9ac2350ae&tk=1dsr5b5jr7lsj800&from=serp&vjs=3
Front-End Design Back-End Design,반도체,성남 판교역,https://kr.indeed.com/viewjob?jk=d409e77a32705a9a&tk=1dsr5b5jr7lsj800&from=serp&vjs=3
"데이터 가치 함께 발굴하실 머신러닝, 통계 모델링 전문가",카카오,성남 판교역,https://kr.indeed.com/viewjob?jk=d1e75364ef505c68&tk=1dsr5b5jr7lsj800&from=serp&vjs=3
데이터 분석 및 모델링 (페이코 쿠폰/광고 타겟팅),NHN,성남 판교역,https://kr.indeed.com/viewjob?jk=4e17fe419583b40b&tk=1dsr5b5jr7lsj800&from=serp&vjs=3
카카오톡 보이스톡/페이스톡/라이브톡 개발자,카카오,성남 판교역,https://kr.indeed.com/viewjob?jk=d585814d097935eb&tk=1dsr5b5jr7lsj800&from=serp&vjs=3
데스크탑 가상화(VDI) 엔지니어,카카오모빌리티,성남 판교역,https://kr.indeed.com/viewjob?jk=530a598184580c95&tk=1dsr5b5jr7lsj800&from=serp&vjs=3
머신러닝/딥러닝,NHN,성남 판교역,https://kr.indeed.com/viewjob?jk=cd8ee27085e6a2ff&tk=1dsr5b5jr7lsj800&from=serp&vjs=3
Engineer for RF PA Module Test,Qualcomm,서울,https://kr.indeed.com/viewjob?jk=f94c9548ff7a6d66&tk=1dsr5b5jr7lsj800&from=serp&vjs=3
RF S/W application engineer,Qualcomm,서울,https://kr.indeed.com/viewjob?jk=fb79bc06a5a579ac&tk=1dsr5b5jr7lsj800&from=serp&vjs=3
[멜론] 빅데이터 서비스 개발자,dk techin,성남 판교역,https://kr.indeed.com/viewjob?jk=3e2a310c9dd0f693&tk=1dsr5b5jr7lsj800&from=serp&vjs=3
데이터 플랫폼 개발,NHN PAYCO,성남 판교역,https://kr.indeed.com/viewjob?jk=a65baa1929f29393&tk=1dsr5b5jr7lsj800&from=serp&vjs=3
"Computer Vision Engineer, Perception ? Autonomous Vehicles",NVIDIA,서울,https://kr.indeed.com/viewjob?jk=f775c2b405edea87&tk=1dsr5b5jr7lsj800&from=serp&vjs=3
MySQL Engineer,카카오,성남 판교역,https://kr.indeed.com/viewjob?jk=dd06066d79860614&tk=1dsr5b5jr7lsj800&from=serp&vjs=3
광고팀 - 분석가,Nexon,성남 분당구,https://kr.indeed.com/viewjob?jk=3a08c7089343733d&tk=1dsr5b5jr7lsj800&from=serp&vjs=3
Staff Engineer for RF PA Module Test,Qualcomm,서울,https://kr.indeed.com/viewjob?jk=2ee36692349dce88&tk=1dsr5b5jr7lsj800&from=serp&vjs=3
메시지발송 플랫폼 개발자,Nexon,성남 분당구,https://kr.indeed.com/viewjob?jk=eaee1538d8cc832f&tk=1dsr5b5jr7lsj800&from=serp&vjs=3
웹 어플리케이션 개발 로봇 카페 서버 개발 앱 백엔드 및 관리자 개발,150명 규모의 6년차 커피전문점 커피프랜차이즈,성남 분당구,https://kr.indeed.com/viewjob?jk=6c08d4e5d7d11300&tk=1dsr5b5jr7lsj800&from=serp&vjs=3
12월 경력,LG CNS,서울,https://kr.indeed.com/viewjob?jk=4708fe6513fba6bb&tk=1dsr5b5jr7lsj800&from=serp&vjs=3
분석 플랫폼 웹 프론트 엔지니어,Nexon,성남 분당구,https://kr.indeed.com/viewjob?jk=eeb027369cdab361&tk=1dsr5b5jr7lsj800&from=serp&vjs=3
카카오톡 신규 서비스 서버 개발자,카카오,성남 판교역,https://kr.indeed.com/viewjob?jk=de210ffb5a9ee0c4&tk=1dsr5b5jr7lsj800&from=serp&vjs=3
인프라 서비스 플랫폼 개발자,스테이지파이브,성남 판교역,https://kr.indeed.com/viewjob?jk=b4e96a7dcac2f50a&tk=1dsr5b5jr7lsj800&from=serp&vjs=3
데이터 사이언스 전문가 및 머신러닝 전문가,카카오,성남 판교역,https://kr.indeed.com/viewjob?jk=85929aac498299cc&tk=1dsr5b5jr7lsj800&from=serp&vjs=3
Junior Quant Trader,Byzantine Partners,서울,https://kr.indeed.com/viewjob?jk=c8933c2704ef3525&tk=1dsr5b5jr7lsj800&from=serp&vjs=3
챗봇 플랫폼 개발자,카카오,성남 판교역,https://kr.indeed.com/viewjob?jk=20d40ee61adffeca&tk=1dsr5b5jr7lsj800&from=serp&vjs=3
() Automotive 반도체 연구 개발 및 지원(FAE) 업무 - 상시 중,넥스트칩,성남 분당구,https://kr.indeed.com/viewjob?jk=b8e67dbfa474f096&tk=1dsr5b5jr7lsj800&from=serp&vjs=3
Application Backend Developer,BOEING,서울,https://kr.indeed.com/viewjob?jk=a8ed60198075d112&tk=1dsr5b5jr7lsj800&from=serp&vjs=3
기술 인턴 인공지능 응용 연구/개발 인턴,써로마인드로보틱스,서울 관악구,https://kr.indeed.com/viewjob?jk=71c47ac87bb4087e&tk=1dsr5b5jr7lsj800&from=serp&vjs=3
추천 시스템 소프트웨어 엔지니어,카카오,성남 판교역,https://kr.indeed.com/viewjob?jk=07375dc4e800dfa9&tk=1dsr5b5jr7lsj800&from=serp&vjs=3
AI Scientist - Symbolic AI (Natural Language Reasoning),MIND AI,서울,https://kr.indeed.com/viewjob?jk=7b96b63ac704d98a&tk=1dsr5b5jr7lsj800&from=serp&vjs=3
Support Engineer,Microsoft,서울,https://kr.indeed.com/viewjob?jk=0bbf23c0930be392&tk=1dsr5b5jr7lsj800&from=serp&vjs=3
테크빌더팀 - 개발자 (백앤드),Nexon,성남 분당구,https://kr.indeed.com/viewjob?jk=6d527590548dbcab&tk=1dsr5b5jr7lsj800&from=serp&vjs=3
Core Researcher,Terra,서울,https://kr.indeed.com/viewjob?jk=89a689a00d8170bc&tk=1dsr5b5jr7lsj800&from=serp&vjs=3
멜론 서비스 데이터 분석 및 개발자,카카오,성남 판교역,https://kr.indeed.com/viewjob?jk=8f0dfcd582982dcb&tk=1dsr5b5jr7lsj800&from=serp&vjs=3
WebRTC UC & Collaboration Developer,Ericsson,서울,https://kr.indeed.com/viewjob?jk=404ca05b36be1e83&tk=1dsr5b5jr7lsj800&from=serp&vjs=3
Lead Application Engineer,ANSYS,서울,https://kr.indeed.com/viewjob?jk=6f15637e25d5cd7a&tk=1dsr5b5jr7lsj800&from=serp&vjs=3
Data Scientist,Terra,서울,https://kr.indeed.com/viewjob?jk=83883bfd1f662d69&tk=1dsr5b5jr7lsj800&from=serp&vjs=3
시스템엔지니어,Nexon,성남 분당구,https://kr.indeed.com/viewjob?jk=d6802c2215aa9f6f&tk=1dsr5b5jr7lsj800&from=serp&vjs=3
[데이터밸류팀] 서버개발자,카카오,성남 판교역,https://kr.indeed.com/viewjob?jk=6f0ec0edcdae751b&tk=1dsr5b5jr7lsj800&from=serp&vjs=3
카카오톡 서버 개발자,카카오모빌리티,성남 판교역,https://kr.indeed.com/viewjob?jk=21f720e55bab4c8d&tk=1dsr5b5jr7lsj800&from=serp&vjs=3
Computational Linguist - AI (Natural Language Reasoning),MIND AI,서울,https://kr.indeed.com/viewjob?jk=2bdd2465542edd04&tk=1dsr5b5jr7lsj800&from=serp&vjs=3
솔루션 프론트엔드 개발자,Nexon,성남 분당구,https://kr.indeed.com/viewjob?jk=273d830a0c62aedd&tk=1dsr5b5jr7lsj800&from=serp&vjs=3
Support Escalation Engineer - Azure Rapid Response,Microsoft,서울,https://kr.indeed.com/viewjob?jk=a4af419773dcc025&tk=1dsr5b5jr7lsj800&from=serp&vjs=3
"Deep-learning research scientist for learning theory, knowledge transfer, and generative models",Qualcomm,서울,https://kr.indeed.com/viewjob?jk=10c05e81d25374b0&tk=1dsr5b5jr7lsj800&from=serp&vjs=3
RF Production Test Engineer,Qualcomm,서울,https://kr.indeed.com/viewjob?jk=9501d92030085af2&tk=1dsr5b5jr7lsj800&from=serp&vjs=3
Data Scientist,Boston Consulting Group,서울,https://kr.indeed.com/viewjob?jk=ce6747e77c861c46&tk=1dsr5b5jr7lsj800&from=serp&vjs=3
SDET Engineer,Nielsen,서울,https://kr.indeed.com/viewjob?jk=c46c1d3d5b3fb904&tk=1dsr5b5jr7lsj800&from=serp&vjs=3
Software Engineer - Seoul,"Moloco, Inc.",서울,https://kr.indeed.com/viewjob?jk=5bfbfb0c0cefec76&tk=1dsr5b5jr7lsj800&from=serp&vjs=3
계약직 전문원,경제·인문사회연구회,서울 서초구,https://kr.indeed.com/viewjob?jk=5a55d3b5b6c8e1b6&tk=1dsr5b5jr7lsj800&from=serp&vjs=3
Marketing Science Director,KANTAR,서울,https://kr.indeed.com/viewjob?jk=53ea82c70f836537&tk=1dsr5b5jr7lsj800&from=serp&vjs=3
Big Data Analysis & Optimization Engineer,Intel,서울,https://kr.indeed.com/viewjob?jk=05b55274a764683c&tk=1dsr5b5jr7lsj800&from=serp&vjs=3
2020년 소니코리아 신입/경력사원,소니코리아,서울 영등포구,https://kr.indeed.com/viewjob?jk=752e523e0b85f9e2&tk=1dsr5b5jr7lsj800&from=serp&vjs=3
Software Engineer / Sr. Software Engineer(C++ / Python Developer),Nielsen,서울,https://kr.indeed.com/viewjob?jk=686cdc6df95f159f&tk=1dsr5b5jr7lsj800&from=serp&vjs=3
데이터연동개발팀 - 데이터엔지니어,Nexon,성남 분당구,https://kr.indeed.com/viewjob?jk=83afcd111984f51c&tk=1dsr5b5jr7lsj800&from=serp&vjs=3
데이터 사이언티스트 지향하는 데이터 엔지니어,카카오 게임즈,성남 판교역,https://kr.indeed.com/viewjob?jk=385c58c7ced1d77b&tk=1dsr5b5jr7lsj800&from=serp&vjs=3
해외 근무가능한 PIE( Process Integration Engineering) 엔지니어,"해외있는 S,H사 같은 규모큰 반도체 Chip Maker 회사",성남 판교역,https://kr.indeed.com/viewjob?jk=cb0bde3d5f4654b8&tk=1dsr5b5jr7lsj800&from=serp&vjs=3
Software Engineer,ODK Media Inc,서울 강남구,https://kr.indeed.com/viewjob?jk=6daac0e14dba7787&tk=1dsr5b5jr7lsj800&from=serp&vjs=3
카카오 분석 플랫폼 경력 개발자,카카오,성남 판교역,https://kr.indeed.com/viewjob?jk=8ae7c240ef7d5f0b&tk=1dsr5b5jr7lsj800&from=serp&vjs=3
테크빌더팀 - 개발자 (프론트앤드),Nexon,성남 분당구,https://kr.indeed.com/viewjob?jk=ddbea73728157cac&tk=1dsr5b5jr7lsj800&from=serp&vjs=3
[경력] 빅데이터 플랫폼 엔지니어,카카오,성남 판교역,https://kr.indeed.com/viewjob?jk=61ecdc0ef3cfb66a&tk=1dsr5b5jr7lsj800&from=serp&vjs=3
Customer Facing Data Scientist,DataRobot,서울,https://kr.indeed.com/viewjob?jk=823d9f2575fd87c4&tk=1dsr5b5jr7lsj800&from=serp&vjs=3
외국계 반도체 Verification Engineer,규모가 큰 외국계 반도체 Design House,성남 분당구,https://kr.indeed.com/viewjob?jk=a8dad71cfd67845d&tk=1dsr5b5jr7lsj800&from=serp&vjs=3
SW Application Engineer,Intel,서울,https://kr.indeed.com/viewjob?jk=6efeca49db1417dc&tk=1dsr5b5jr7lsj800&from=serp&vjs=3
카카오 전체의 사용자 플랫폼 만들 서버개발자,카카오모빌리티,성남 판교역,https://kr.indeed.com/viewjob?jk=6d479593b544fa68&tk=1dsr5b5jr7lsj800&from=serp&vjs=3
네트워크 자동화 개발자,Nexon,성남 분당구,https://kr.indeed.com/viewjob?jk=5ff17b27cd83a1c0&tk=1dsr5b5jr7lsj800&from=serp&vjs=3
[데이터밸류팀] 데이터사이언스 및 머신러닝 전문가,카카오,성남 판교역,https://kr.indeed.com/viewjob?jk=557a3ca685f33ea4&tk=1dsr5b5jr7lsj800&from=serp&vjs=3
[KSTEC] 2019년 신입 및 경력 (SW개발자),지식시스템,성남 분당구,https://kr.indeed.com/viewjob?jk=c72be35dbb12960c&tk=1dsr5b5jr7lsj800&from=serp&vjs=3
ASIC 프론트엔드 및 백엔드 Engineer,15년 이상 연혁의 1000억 이상 매출,성남 분당구,https://kr.indeed.com/viewjob?jk=9c3f4a39c916497c&tk=1dsr5b5jr7lsj800&from=serp&vjs=3
SW개발자 (경력 3년이상),ATTO 리서치,성남 분당구,https://kr.indeed.com/viewjob?jk=d1eed5e5d7f031d7&tk=1dsr5b5jr7lsj800&from=serp&vjs=3
Data Scientist,Supercell,서울,https://kr.indeed.com/viewjob?jk=554c2e55cc985488&tk=1dsr5b5jr7lsj800&from=serp&vjs=3
MongoDB Engineer,카카오,성남 판교역,https://kr.indeed.com/viewjob?jk=2695294aea6dc3b6&tk=1dsr5b5jr7lsj800&from=serp&vjs=3
이탈방지팀-서비스 개발자,Nexon,성남 분당구,https://kr.indeed.com/viewjob?jk=691f61972f31c777&tk=1dsr5b5jr7lsj800&from=serp&vjs=3
Developer / Designer recruit,마이뮤직테이스트,서울 논현동,https://kr.indeed.com/viewjob?jk=55a19c92c845685e&tk=1dsr5b5jr7lsj800&from=serp&vjs=3
[기술기획/인사] 사내시스템 개발자,카카오뱅크,경기도 성남,https://kr.indeed.com/viewjob?jk=ccd056d7d170f295&tk=1dsr5b5jr7lsj800&from=serp&vjs=3
TOAST Cloud 운영 및 기술지원,NHN,성남 판교역,https://kr.indeed.com/viewjob?jk=ad07d6a330fb619a&tk=1dsr5b5jr7lsj800&from=serp&vjs=3
NXLog팀 - 소프트웨어 엔지니어,Nexon,성남 분당구,https://kr.indeed.com/viewjob?jk=c13abffb44505877&tk=1dsr5b5jr7lsj800&from=serp&vjs=3
이상탐지팀 - 서비스 개발자,Nexon,성남 분당구,https://kr.indeed.com/viewjob?jk=e787fde04b998e1a&tk=1dsr5b5jr7lsj800&from=serp&vjs=3
Software Developer - Front-End / Back-End,AITRICS,서울,https://kr.indeed.com/viewjob?jk=5123207a169f90eb&tk=1dsr5b5jr7lsj800&from=serp&vjs=3
Engineer II - Test GSO,"Advanced Energy Industries, Inc",서울,https://kr.indeed.com/viewjob?jk=962ccc68c40fa2d8&tk=1dsr5b5jr7lsj800&from=serp&vjs=3
"Customer Solutions Engineer, Global Client and Agency Solutions",Google,서울,https://kr.indeed.com/viewjob?jk=2615f45e6f912c05&tk=1dsr5b5jr7lsj800&from=serp&vjs=3
Client Technical Specialist,IBM,서울,https://kr.indeed.com/viewjob?jk=320cf19178f2f20d&tk=1dsr5b5jr7lsj800&from=serp&vjs=3
Data Scientist,Tapjoy,서울,https://kr.indeed.com/viewjob?jk=980af03df0416292&tk=1dsr5b5jr7lsj800&from=serp&vjs=3
NXLog리포트팀 - 데이터분석가/리포트기획자,Nexon,성남 분당구,https://kr.indeed.com/viewjob?jk=2e7356773e141079&tk=1dsr5b5jr7lsj800&from=serp&vjs=3
Software Engineer Intern,스켈터랩스,서울 성수동,https://kr.indeed.com/viewjob?jk=92a9e7bf1f0ac709&tk=1dsr5b5jr7lsj800&from=serp&vjs=3
Front end 개발자,브릭,성남 분당구,https://kr.indeed.com/viewjob?jk=cac18e6bcbee5a21&tk=1dsr5b5jr7lsj800&from=serp&vjs=3
Cloud Support Engineer - Linux,Amazon Web Services Korea LLC,서울,https://kr.indeed.com/viewjob?jk=982c2a9c3f3caba3&tk=1dsr5b5jr7lsj800&from=serp&vjs=3
"Director, Software Engineering (Coupang Eats)",Coupang,서울,https://kr.indeed.com/viewjob?jk=a6a4b500fa0340d4&tk=1dsr5b5jr7lsj800&from=serp&vjs=3
소프트웨어 엔지니어,Nexon,성남 분당구,https://kr.indeed.com/viewjob?jk=d71794dc69947981&tk=1dsr5b5jr7lsj800&from=serp&vjs=3
Data Analyst,Axiologic Solutions,서울,https://kr.indeed.com/viewjob?jk=eb45c08f4c4a43d8&tk=1dsr5b5jr7lsj800&from=serp&vjs=3
데이터 분석가 (Business Intelligence Analyst),코스닥 상장 중견 게임기업,서울 강남구,https://kr.indeed.com/viewjob?jk=c1037225077ca4da&tk=1dsr5b5jr7lsj800&from=serp&vjs=3
데이터 분석가 (Business Intelligence Analyst),코스닥 상장 중견 게임기업,서울 강남구,https://kr.indeed.com/viewjob?jk=c1037225077ca4da&tk=1dsr5b5jr7lsj800&from=serp&vjs=3
System Administrator 2-IT (Datacenter Engineer),Oracle,서울,https://kr.indeed.com/viewjob?jk=55dd3a1ce1248639&tk=1dsr5b5jr7lsj800&from=serp&vjs=3
사내 인증 개발자,Nexon,성남 분당구,https://kr.indeed.com/viewjob?jk=45ddfc75e84619c0&tk=1dsr5b5jr7lsj800&from=serp&vjs=3
Client Solutions Engineer,Cover Genius,서울,https://kr.indeed.com/viewjob?jk=9ec6ee8ffbdef537&tk=1dsr5b5jr7lsj800&from=serp&vjs=3
[경력] 빅데이터 및 데이터분석 컨설팅 - Digital 본부,삼정 KPMG,서울 강남구,https://kr.indeed.com/viewjob?jk=e4526d75d18b3635&tk=1dsr5b5jr7lsj800&from=serp&vjs=3
Analog 설계 Logic 설계 Firmware 개발,하드웨어 및 펌웨어 시스템 솔루션 설계 및 개발,수원 영통역,https://kr.indeed.com/viewjob?jk=9593a9ff08a55829&tk=1dsr5b5jr7lsj800&from=serp&vjs=3
매칭팀 - 데이터분석가,Nexon,성남 분당구,https://kr.indeed.com/viewjob?jk=54a0b1ed3a827a58&tk=1dsr5b5jr7lsj800&from=serp&vjs=3
Analytics Executive,Jellyfish UK,서울,https://kr.indeed.com/viewjob?jk=574ca14c9800bc84&tk=1dsr5b5jr7lsj800&from=serp&vjs=3
Global Payment 데이터 분석,라인비즈플러스,성남 분당구,https://kr.indeed.com/viewjob?jk=5c6f1cc7c8b00652&tk=1dsr5b5jr7lsj800&from=serp&vjs=3
Research Engineer - Machine Learning,AITRICS,서울,https://kr.indeed.com/viewjob?jk=05ce3c7d5c6c368c&tk=1dsr5b5jr7lsj800&from=serp&vjs=3
Linux/Python/PHP/MySQL/백엔드 정규직 경력,일루미나리안,용인 보정동,https://kr.indeed.com/viewjob?jk=04d685fc70b67d4e&tk=1dsr5b5jr7lsj800&from=serp&vjs=3
Oracle Linux and Oracle VM Product Support (Engilish & Korean),Oracle,서울,https://kr.indeed.com/viewjob?jk=dcab929554f1e1e7&tk=1dsr5b5jr7lsj800&from=serp&vjs=3
데이터인프라개발팀 - 데이터 플랫폼 엔지니어,Nexon,성남 분당구,https://kr.indeed.com/viewjob?jk=73457e281df2be21&tk=1dsr5b5jr7lsj800&from=serp&vjs=3
Data Analyst,"Miso, inc",서울,https://kr.indeed.com/viewjob?jk=4a94f2401f999ab6&tk=1dsr5b5jr7lsj800&from=serp&vjs=3
[NHN Service] [판교]기술지원 경력,엔에이치엔서비스,성남 분당구,https://kr.indeed.com/viewjob?jk=0ce604f78d27b2f2&tk=1dsr5b5jr7lsj800&from=serp&vjs=3
Researcher(AI/Deep Learning),Calm Island,서울,https://kr.indeed.com/viewjob?jk=ba8773ea606ae9f3&tk=1dsr5b5jr7lsj800&from=serp&vjs=3
글로벌&모바일 플랫폼 운영을 담당할 를 합니다.,Nexon,성남 분당구,https://kr.indeed.com/viewjob?jk=281fb1cb3dff0cf8&tk=1dsr5b5jr7lsj800&from=serp&vjs=3
Data Analytics specialist,Sanofi,서울,https://kr.indeed.com/viewjob?jk=6eefdf7d9fa7e6a3&tk=1dsr5b5jr7lsj800&from=serp&vjs=3
Lead Application Backend Developer ? Mobile,BOEING,서울,https://kr.indeed.com/viewjob?jk=8624753c574a9d25&tk=1dsr5b5jr7lsj800&from=serp&vjs=3
2019하반기 SAS 빅데이터/DataAnalysis/Python/R 추가 인재,그루넷,서울 강남구,https://kr.indeed.com/viewjob?jk=7f2f9d2df2603905&tk=1dsr5b5jr7lsj800&from=serp&vjs=3
국내 리딩 SI 솔루션 기업 Data Scientist (제조)포지션ASAP,국내 리딩 SI솔루션 기업,서울 강남구,https://kr.indeed.com/viewjob?jk=c71ce259812f9497&tk=1dsr5b5jr7lsj800&from=serp&vjs=3
Data Scientist / Senior Data Scientist,Munich Re,서울,https://kr.indeed.com/viewjob?jk=4c307b515db3ada1&tk=1dsr5b5jr7lsj800&from=serp&vjs=3
Software Engineer in OPC UA,TUV SUD,서울 여의도,https://kr.indeed.com/viewjob?jk=aa7d41d35d861b23&tk=1dsr5b5jr7lsj800&from=serp&vjs=3
[기술기획] 기술기획 개발자,카카오뱅크,경기도 성남,https://kr.indeed.com/viewjob?jk=54014c3b0874e69d&tk=1dsr5b5jr7lsj800&from=serp&vjs=3
Cloud Support Engineer- Big Data,Amazon Web Services Korea LLC,서울,https://kr.indeed.com/viewjob?jk=2fde1290ada705ac&tk=1dsr5b5jr7lsj800&from=serp&vjs=3
Developer Relations Manager,NVIDIA,서울,https://kr.indeed.com/viewjob?jk=073b7071c036dba2&tk=1dsr5b5jr7lsj800&from=serp&vjs=3
의료 영상처리 엔지니어,인코리아 프로페셔널(헤드헌팅),서울 강남구,https://kr.indeed.com/viewjob?jk=7e39ea40065ef05d&tk=1dsr5b5jr7lsj800&from=serp&vjs=3
R&D 연구원,스칼라웍스,서울 금천구,https://kr.indeed.com/viewjob?jk=bffe75d1e38dbd6e&tk=1dsr5b5jr7lsj800&from=serp&vjs=3
알고리즘 개발,인코리아 프로페셔널(헤드헌팅),서울 강남구,https://kr.indeed.com/viewjob?jk=cf37184aa5ef1a46&tk=1dsr5b5jr7lsj800&from=serp&vjs=3
Data & AI Technical Specialist,IBM,서울,https://kr.indeed.com/viewjob?jk=6164be253775cb7d&tk=1dsr5b5jr7lsj800&from=serp&vjs=3
Cloud Support Engineer - Developer and Mobile Services,Amazon Web Services Korea LLC,서울,https://kr.indeed.com/viewjob?jk=930a6a7d80e095bc&tk=1dsr5b5jr7lsj800&from=serp&vjs=3
Developer Advocate,SendBird,서울,https://kr.indeed.com/viewjob?jk=dc821489255954fd&tk=1dsr5b5jr7lsj800&from=serp&vjs=3
데이터분석가(게임어뷰징 탐지),Nexon,성남 분당구,https://kr.indeed.com/viewjob?jk=ea3b136c0ff59524&tk=1dsr5b5jr7lsj800&from=serp&vjs=3
Technical Writer,SendBird,서울,https://kr.indeed.com/viewjob?jk=e5c63f4e86ceefda&tk=1dsr5b5jr7lsj800&from=serp&vjs=3
Data Analyst (FC & Transportation),Coupang,서울,https://kr.indeed.com/viewjob?jk=872e4ef109d7872a&tk=1dsr5b5jr7lsj800&from=serp&vjs=3
"`20년 경력사원 채용(연구개발, 정보보안, 부동산 관리, 마케팅)",에스원,서울 서초동,https://kr.indeed.com/viewjob?jk=875631127105449f&tk=1dsr5b5jr7lsj800&from=serp&vjs=3
이상탐지팀- 웹프로그래머,Nexon,성남 분당구,https://kr.indeed.com/viewjob?jk=4a426e3ffacd161c&tk=1dsr5b5jr7lsj800&from=serp&vjs=3
Product Test Engineer - GPU,NVIDIA,서울,https://kr.indeed.com/viewjob?jk=48ca423ba9cc3be4&tk=1dsr5b5jr7lsj800&from=serp&vjs=3
"Technical Specialist, Professional Services (Korean, English)",Google,서울,https://kr.indeed.com/viewjob?jk=fa839fed02943ef7&tk=1dsr5b5jr7lsj800&from=serp&vjs=3
VP of Engineering,"Miso, inc",서울,https://kr.indeed.com/viewjob?jk=f5db97b4d95cbc04&tk=1dsr5b5jr7lsj800&from=serp&vjs=3
"Principal, Business Analysis (Search and Discovery Analytics)",Coupang,서울,https://kr.indeed.com/viewjob?jk=8d0b3a79363b5a69&tk=1dsr5b5jr7lsj800&from=serp&vjs=3
매칭팀 - 프로그래머,Nexon,성남 분당구,https://kr.indeed.com/viewjob?jk=3e757382342b3c98&tk=1dsr5b5jr7lsj800&from=serp&vjs=3
데이터플랫폼실 - Software Engineer,Nexon,성남 분당구,https://kr.indeed.com/viewjob?jk=6ecc8058c1538843&tk=1dsr5b5jr7lsj800&from=serp&vjs=3
데이터인프라개발팀 - 데이터 엔지니어,Nexon,성남 분당구,https://kr.indeed.com/viewjob?jk=c499b3dde5c2e196&tk=1dsr5b5jr7lsj800&from=serp&vjs=3
Senior Business Analysis (Strategic Planning),Coupang,서울,https://kr.indeed.com/viewjob?jk=5f3b7800e776da58&tk=1dsr5b5jr7lsj800&from=serp&vjs=3
"Applications Engineer, Sr I",Synopsys,서울,https://kr.indeed.com/viewjob?jk=3f5c12e67f5b979e&tk=1dsr5b5jr7lsj800&from=serp&vjs=3
Field Service Engineer,Novetta,서울,https://kr.indeed.com/viewjob?jk=aefb647f9116ad28&tk=1dsr5b5jr7lsj800&from=serp&vjs=3
Front end / Back end,코아시아세미,서울 송파구,https://kr.indeed.com/viewjob?jk=eb39073f59f395b5&tk=1dsr5b5jr7lsj800&from=serp&vjs=3
"Principal, Strategic Planning",Coupang,서울,https://kr.indeed.com/viewjob?jk=8b29e16a2f9665f2&tk=1dsr5b5jr7lsj800&from=serp&vjs=3
Strategic Data Analytics Manager,JTI,서울,https://kr.indeed.com/viewjob?jk=222f311b3b75b965&tk=1dsr5b5jr7lsj800&from=serp&vjs=3
8퍼센트 개발자 (신입/경력),8퍼센트,서울 종로구,https://kr.indeed.com/viewjob?jk=8af26b37623864c4&tk=1dsr5b5jr7lsj800&from=serp&vjs=3
인프라 관리/운영 웹 애플리케이션 개발자,Nexon,성남 분당구,https://kr.indeed.com/viewjob?jk=692486e7a2b0522e&tk=1dsr5b5jr7lsj800&from=serp&vjs=3
Support Engineer_Developer Support,Microsoft,서울,https://kr.indeed.com/viewjob?jk=75ccb9bb9c3049c7&tk=1dsr5b5jr7lsj800&from=serp&vjs=3
국내 메이저 SI기업 Data Scientist (제조) 포지션,국내 리딩 SI솔루션 기업,서울 송파구,https://kr.indeed.com/viewjob?jk=0bbd3c4da4852f79&tk=1dsr5b5jr7lsj800&from=serp&vjs=3
Front-end Developer,"Miso, inc",서울,https://kr.indeed.com/viewjob?jk=9f7d7cbe5e172a01&tk=1dsr5b5jr7lsj800&from=serp&vjs=3
계약직 전문위원,경제·인문사회연구회,서울 서초구,https://kr.indeed.com/viewjob?jk=5ee95e1e8676976e&tk=1dsr5b5jr7lsj800&from=serp&vjs=3
"PMU, ADC, DAC IP가 적용된 IC제품) 유경험자",서울 강남 소재 반도체 팹리스,서울 강남구,https://kr.indeed.com/viewjob?jk=f890dffe35824dd3&tk=1dsr5b5jr7lsj800&from=serp&vjs=3
2020 신입생 ICT/바이오 하이테크 대졸자 취업연계 과정,한국폴리텍대학융합기술교육원,성남 분당구,https://kr.indeed.com/viewjob?jk=ca7da7655917c156&tk=1dsr5b5jr7lsj800&from=serp&vjs=3
국내 리딩 SI 솔루션 기업 Data Scientist 포지션ASAP,국내 리딩 ISI 솔루션 기업,서울 강남구,https://kr.indeed.com/viewjob?jk=86cda25730ac8b95&tk=1dsr5b5jr7lsj800&from=serp&vjs=3
[라프텔] 서버(백엔드) 개발자,리디,서울,https://kr.indeed.com/viewjob?jk=7e4b3808d3befc37&tk=1dsr5b5jr7lsj800&from=serp&vjs=3
[펜타시큐리티] IT 웹보안제품 개발자,펜타시큐리티시스템,서울 영등포구,https://kr.indeed.com/viewjob?jk=25454744384b8aa2&tk=1dsr5b5jr7lsj800&from=serp&vjs=3
키친엑스에서 자동화 기계관련 일 함께할 인재 하고 있습니다.,키친엑스,서울 용산구,https://kr.indeed.com/viewjob?jk=0eb67a446a37b284&tk=1dsr5b5jr7lsj800&from=serp&vjs=3
Support Engineer_Azure Networking,Microsoft,서울,https://kr.indeed.com/viewjob?jk=25bbf0a06be8cf97&tk=1dsr5b5jr7lsj800&from=serp&vjs=3
[경력]서버 개발 담당자,선데이토즈,성남 분당구,https://kr.indeed.com/viewjob?jk=b39044f681e9d472&tk=1dsr5b5jr7lsj800&from=serp&vjs=3
Data Analyst - SOCKOR,Barbaricum,서울,https://kr.indeed.com/viewjob?jk=860a3733156e6821&tk=1dsr5b5jr7lsj800&from=serp&vjs=3
"Sales Engineer (Pre-Sales), Korea",Recorded Future,서울,https://kr.indeed.com/viewjob?jk=1a0fc032fa7d6866&tk=1dsr5b5jr7lsj800&from=serp&vjs=3
Specialist Solutions Architect - Application Development,"Red Hat, Inc.",서울,https://kr.indeed.com/viewjob?jk=64e343a4453f845e&tk=1dsr5b5jr7lsj800&from=serp&vjs=3
Python 웹개발 경력무관 - 정규직,페이스테그,서울 금천구,https://kr.indeed.com/viewjob?jk=38a804b7fb78aac3&tk=1dsr5b5jr7lsj800&from=serp&vjs=3
Associate Solutions Engineer (Full Time) - Korea,Cisco Careers,서울,https://kr.indeed.com/viewjob?jk=ecc3d4649fcbafab&tk=1dsr5b5jr7lsj800&from=serp&vjs=3
AI (DL/ML) 개발,SSG.COM,서울,https://kr.indeed.com/viewjob?jk=452391afe50179b1&tk=1dsr5b5jr7lsj800&from=serp&vjs=3
TOAST Cloud 플랫폼 및 서비스 개발,NHN,성남 판교역,https://kr.indeed.com/viewjob?jk=ea2cf2a5e929b0ee&tk=1dsr5b5jr7lsj800&from=serp&vjs=3
보안 솔루션 인공지능 개발자,피즐리소프트,서울 강남구,https://kr.indeed.com/viewjob?jk=b989c114d8fce117&tk=1dsr5b5jr7lsj800&from=serp&vjs=3
다크어벤저3 서버프로그래머 (경력3년이상),Nexon,성남 분당구,https://kr.indeed.com/viewjob?jk=9610a215e43c2810&tk=1dsr5b5jr7lsj800&from=serp&vjs=3
"프로그래머 _딥러닝,텐서플로우,어플리케이션,웹프로그램,응용프로그램",웹플래너,서울 용산구,https://kr.indeed.com/viewjob?jk=3b329915cfdac5dc&tk=1dsr5b5jr7lsj800&from=serp&vjs=3
R&D 연구원 신입 정규직,스칼라웍스,서울 금천구,https://kr.indeed.com/viewjob?jk=70f513e9782febab&tk=1dsr5b5jr7lsj800&from=serp&vjs=3
"Director, Business Analysis (Search and Discovery Analytics)",Coupang,서울,https://kr.indeed.com/viewjob?jk=eee7b30e222484ca&tk=1dsr5b5jr7lsj800&from=serp&vjs=3
룰루랩-삼성전자C-Lab기업 전문연구요원 (AI알고리즘),룰루랩,서울 강남구,https://kr.indeed.com/viewjob?jk=81b66348f6e4a9db&tk=1dsr5b5jr7lsj800&from=serp&vjs=3
[커피프랜차이즈기업]그룹 계열사 웹 어플리케이션 개발 (팀장급),커리어셀파,성남 분당구,https://kr.indeed.com/viewjob?jk=f74f5a81686860b5&tk=1dsr5b5jr7lsj800&from=serp&vjs=3
Manager,"CDNetworks Co.,Ltd.",서울,https://kr.indeed.com/viewjob?jk=b24e1d2b40a3b349&tk=1dsr5b5jr7lsj800&from=serp&vjs=3
데이터 분석가(팀장급),RIDI Corp,서울,https://kr.indeed.com/viewjob?jk=35fbfe39465bd43a&tk=1dsr5b5jr7lsj800&from=serp&vjs=3
퍼즐데이터 역량있는 데이터 분석가,주식회사퍼즐데이터,서울 역삼동,https://kr.indeed.com/viewjob?jk=116009dbf59211ed&tk=1dsr5b5jr7lsj800&from=serp&vjs=3
Software Engineer,Nexon,성남 분당구,https://kr.indeed.com/viewjob?jk=49335253c9d14ed4&tk=1dsr5b5jr7lsj800&from=serp&vjs=3
"R&D Engineer, Sr II",Synopsys,서울,https://kr.indeed.com/viewjob?jk=97cd5ccd438dc126&tk=1dsr5b5jr7lsj800&from=serp&vjs=3
[대기업] Circuit Design,에이치알 컨설팅,경기도 수원,https://kr.indeed.com/viewjob?jk=01565beafeef9dfd&tk=1dsr5b5jr7lsj800&from=serp&vjs=3
"금융 데이터 분석 엔진, 로보어드바이저 개발자",에스비씨엔,서울 영등포구,https://kr.indeed.com/viewjob?jk=649ccf047c868778&tk=1dsr5b5jr7lsj800&from=serp&vjs=3
[던전앤파이터(글로벌)] 게임 데이터 분석가,네오플,서울 강남구,https://kr.indeed.com/viewjob?jk=4f09f889fa3cfd34&tk=1dsr5b5jr7lsj800&from=serp&vjs=3
CRM 분석,인코리아 프로페셔널(헤드헌팅),서울 강남구,https://kr.indeed.com/viewjob?jk=0e493900639e80e7&tk=1dsr5b5jr7lsj800&from=serp&vjs=3
네트웍 자동화 시스템 개발,현대오토에버,서울,https://kr.indeed.com/viewjob?jk=ce62a02c39383898&tk=1dsr5b5jr7lsj800&from=serp&vjs=3
데이터 분석 모델 개발,현대오토에버,서울,https://kr.indeed.com/viewjob?jk=c215879b997734c9&tk=1dsr5b5jr7lsj800&from=serp&vjs=3
Platform/BSP SW APPS Engineering - Engineer/Sr. Engineer,Qualcomm,서울,https://kr.indeed.com/viewjob?jk=103175b04a715b9b&tk=1dsr5b5jr7lsj800&from=serp&vjs=3
각 부문별 신입/경력 ( 프로덕션: 번역부분 우대),토이온,성남 수정구,https://kr.indeed.com/viewjob?jk=c19e5049b686b034&tk=1dsr5b5jr7lsj800&from=serp&vjs=3
"DevOps Engineer JAVA, Python, Ruby, Node.js","15년 연혁의 시스템소프트웨어 개발,공급,홈페이지 구축,모바일컨텐츠서비스 개발 및 공급업체",서울 강남구,https://kr.indeed.com/viewjob?jk=f856430ae22f90c1&tk=1dsr5b5jr7lsj800&from=serp&vjs=3
데이터 센터 운영/관리 시스템 인프라 관리 (신입/경력),줌인터넷,서울 서초동,https://kr.indeed.com/viewjob?jk=a20d649abed07546&tk=1dsr5b5jr7lsj800&from=serp&vjs=3
Full Stack Developer,"Miso, inc",서울,https://kr.indeed.com/viewjob?jk=754348a9c3f08d66&tk=1dsr5b5jr7lsj800&from=serp&vjs=3
[수시] ESTsecurity 웹프론트 개발 (경력),이스트소프트,서울 서초구,https://kr.indeed.com/viewjob?jk=bfee747ee084b019&tk=1dsr5b5jr7lsj800&from=serp&vjs=3
[수시] ESTsecurity 서버 백엔드 개발 (경력),이스트소프트,서울 서초구,https://kr.indeed.com/viewjob?jk=4baef3431a39f0c4&tk=1dsr5b5jr7lsj800&from=serp&vjs=3
국내 CRM 분석,인코리아 프로페셔널(헤드헌팅),서울 강남구,https://kr.indeed.com/viewjob?jk=51a0fd8b3f50c295&tk=1dsr5b5jr7lsj800&from=serp&vjs=3
인프라 플랫폼 개발자,고도소프트,서울 구로구,https://kr.indeed.com/viewjob?jk=2b1c5b35b97700fc&tk=1dsr5b5jr7lsj800&from=serp&vjs=3
Hadoop Eco 관리 모듈 개발,현대오토에버,서울,https://kr.indeed.com/viewjob?jk=c573c45404960f8f&tk=1dsr5b5jr7lsj800&from=serp&vjs=3
[경력]게임 서버 개발 담당자,트리노드,서울 강남구,https://kr.indeed.com/viewjob?jk=8e1c79cf2693adc7&tk=1dsr5b5jr7lsj800&from=serp&vjs=3
Automotive Graphics SW APPS Engineering - Engineer/Sr. Engineer,Qualcomm,서울,https://kr.indeed.com/viewjob?jk=277b3d72e827b50c&tk=1dsr5b5jr7lsj800&from=serp&vjs=3
데이터 분석가 (Business Intelligence Analyst),코스닥 상장 중견 게임기업,서울 강남구,https://kr.indeed.com/viewjob?jk=c1037225077ca4da&tk=1dsr5b5jr7lsj800&from=serp&vjs=3
[대기업] Circuit Design,에이치알 컨설팅,경기도 수원,https://kr.indeed.com/viewjob?jk=01565beafeef9dfd&tk=1dsr5b5jr7lsj800&from=serp&vjs=3
"Director, Software Engineering (Coupang Eats)",Coupang,서울,https://kr.indeed.com/viewjob?jk=a6a4b500fa0340d4&tk=1dsr5b5jr7lsj800&from=serp&vjs=3
Data & AI Technical Specialist,IBM,서울,https://kr.indeed.com/viewjob?jk=6164be253775cb7d&tk=1dsr5b5jr7lsj800&from=serp&vjs=3
[던전앤파이터] 2D/3D 게임그래픽 기술개발 (TA/엔진프로그래머/툴 프로그래머),네오플,서울 강남구,https://kr.indeed.com/viewjob?jk=ed7549ec7d5c9ccd&tk=1dsr5b5jr7lsj800&from=serp&vjs=3
Database Engineer (Storage Platform),Coupang,서울,https://kr.indeed.com/viewjob?jk=94f2bbbeb53f3458&tk=1dsr5b5jr7lsj800&from=serp&vjs=3
Cross Border Ecommerce - Business Intelligence (Based in Seoul),Shopee,서울,https://kr.indeed.com/viewjob?jk=b574f1454ae36aab&tk=1dsr5b5jr7lsj800&from=serp&vjs=3
VP of Engineering,"Miso, inc",서울,https://kr.indeed.com/viewjob?jk=f5db97b4d95cbc04&tk=1dsr5b5jr7lsj800&from=serp&vjs=3
"Solution Architect, Data Scientist - WWFO",NVIDIA,서울,https://kr.indeed.com/viewjob?jk=475bfcb9fe2956fa&tk=1dsr5b5jr7lsj800&from=serp&vjs=3
모바일 앱 보안 솔루션 개발부문,스틸리언,서울 용산구,https://kr.indeed.com/viewjob?jk=6718bba08ef6e20b&tk=1dsr5b5jr7lsj800&from=serp&vjs=3
Senior Developer - Cloud Infrastructure Development,SAP,서울,https://kr.indeed.com/viewjob?jk=6569d4c4cee994f6&tk=1dsr5b5jr7lsj800&from=serp&vjs=3
Lead Application Backend Developer ? Mobile,BOEING,서울,https://kr.indeed.com/viewjob?jk=8624753c574a9d25&tk=1dsr5b5jr7lsj800&from=serp&vjs=3
[FEG] 리버스 엔지니어,창운코리아,서울 구로구,https://kr.indeed.com/viewjob?jk=5faf4a69ab8c86ca&tk=1dsr5b5jr7lsj800&from=serp&vjs=3
Core Researcher,Terra,서울,https://kr.indeed.com/viewjob?jk=89a689a00d8170bc&tk=1dsr5b5jr7lsj800&from=serp&vjs=3
RF Layout engineer 5G NR Software Engineer,무선랜 와이브로칩 등 통신용반도체설계 및 전자부품 시스템 연구개발사업,서울 동작구,https://kr.indeed.com/viewjob?jk=e81e92deba0f2c73&tk=1dsr5b5jr7lsj800&from=serp&vjs=3
Front end / Back end,코아시아세미,서울 송파구,https://kr.indeed.com/viewjob?jk=eb39073f59f395b5&tk=1dsr5b5jr7lsj800&from=serp&vjs=3
검색서비스 서버 개발 신입/경력,포티투마루,서울 봉천동,https://kr.indeed.com/viewjob?jk=e010f7780d479126&tk=1dsr5b5jr7lsj800&from=serp&vjs=3
[KSTEC] RPA 시스템 개발 경력사원,지식시스템,성남 분당구,https://kr.indeed.com/viewjob?jk=fa305c0df75baf54&tk=1dsr5b5jr7lsj800&from=serp&vjs=3
Customer Facing Data Scientist,Ever Better Recruitment (EBR),서울,https://kr.indeed.com/viewjob?jk=b06176c3a7092e0a&tk=1dsr5b5jr7lsj800&from=serp&vjs=3
"Manager, Data Science",Nielsen,서울,https://kr.indeed.com/viewjob?jk=02ebc7cc45355385&tk=1dsr5b5jr7lsj800&from=serp&vjs=3
Data Analyst - SOCKOR,Barbaricum,서울,https://kr.indeed.com/viewjob?jk=860a3733156e6821&tk=1dsr5b5jr7lsj800&from=serp&vjs=3
[신입/경력]Software Engineer 담당자,이스트게임즈,서울 서초구,https://kr.indeed.com/viewjob?jk=b932ddb529492df8&tk=1dsr5b5jr7lsj800&from=serp&vjs=3
주니어 데이터 사이언티스트 / Junior Data Scientist,Bagelcode,서울,https://kr.indeed.com/viewjob?jk=81848f01b547f90b&tk=1dsr5b5jr7lsj800&from=serp&vjs=3
빅데이터 사이언스,케이뱅크은행,서울,https://kr.indeed.com/viewjob?jk=117108f4cde5b144&tk=1dsr5b5jr7lsj800&from=serp&vjs=3
"Technical Specialist, Professional Services (Korean, English)",Google,서울,https://kr.indeed.com/viewjob?jk=fa839fed02943ef7&tk=1dsr5b5jr7lsj800&from=serp&vjs=3
경력사원 수시,두산 정보통신,서울,https://kr.indeed.com/viewjob?jk=7adfd2b51f057d3a&tk=1dsr5b5jr7lsj800&from=serp&vjs=3
Cloud Support Engineer - Linux,Amazon Web Services Korea LLC,서울,https://kr.indeed.com/viewjob?jk=982c2a9c3f3caba3&tk=1dsr5b5jr7lsj800&from=serp&vjs=3
[Back-end] 신규 커머스 플랫폼 개발,아이오앤코코리아,서울 강남구,https://kr.indeed.com/viewjob?jk=ee6cfac507f4e0af&tk=1dsr5b5jr7lsj800&from=serp&vjs=3
Developer Advocate,SendBird,서울,https://kr.indeed.com/viewjob?jk=dc821489255954fd&tk=1dsr5b5jr7lsj800&from=serp&vjs=3
[경력]게임 서버 개발 담당자,트리노드,서울 강남구,https://kr.indeed.com/viewjob?jk=8e1c79cf2693adc7&tk=1dsr5b5jr7lsj800&from=serp&vjs=3
니트머스 광고 솔루션 개발(Python),니트머스,서울 명동,https://kr.indeed.com/viewjob?jk=433026a91ad88cf1&tk=1dsr5b5jr7lsj800&from=serp&vjs=3
Senior Solutions Architect - Amazon Connect,Amazon Web Services Korea LLC,서울,https://kr.indeed.com/viewjob?jk=5c6723a17ad467f6&tk=1dsr5b5jr7lsj800&from=serp&vjs=3
"Applications Engineer, Sr I",Synopsys,서울,https://kr.indeed.com/viewjob?jk=3f5c12e67f5b979e&tk=1dsr5b5jr7lsj800&from=serp&vjs=3
Senior Technical Consultant,MathWorks,서울,https://kr.indeed.com/viewjob?jk=22a5590c81649937&tk=1dsr5b5jr7lsj800&from=serp&vjs=3
Infrastructure (DevOps) Engineer,SendBird,서울,https://kr.indeed.com/viewjob?jk=4639db660bb6e345&tk=1dsr5b5jr7lsj800&from=serp&vjs=3
IC 설계자동화 (EDA) 소프트웨어 (XMODEL) 모델 개발자 / 응용 엔지니어 (AE),사이언티픽아날로그,서울 서초구,https://kr.indeed.com/viewjob?jk=48ff23ac8982670a&tk=1dsr5b5jr7lsj800&from=serp&vjs=3
DBA담당자,해커스,서울 강남구,https://kr.indeed.com/viewjob?jk=1f7f2b48cf91125b&tk=1dsr5b5jr7lsj800&from=serp&vjs=3
Data Center Technician,Amzn Corporate Services Korea,서울,https://kr.indeed.com/viewjob?jk=1f542078927eb1e4&tk=1dsr5b5jr7lsj800&from=serp&vjs=3
Manager,"CDNetworks Co.,Ltd.",서울,https://kr.indeed.com/viewjob?jk=b24e1d2b40a3b349&tk=1dsr5b5jr7lsj800&from=serp&vjs=3
Back-end Developer,"Miso, inc",서울,https://kr.indeed.com/viewjob?jk=80d3108dade97b0f&tk=1dsr5b5jr7lsj800&from=serp&vjs=3
Digital Logic Design Engineer 및 SoC 설계 엔지니어,무선랜 와이브로칩 등 통신용반도체설계 및 전자부품 시스템 연구개발사업,서울 동작구,https://kr.indeed.com/viewjob?jk=3fc79f0f6bbc3694&tk=1dsr5b5jr7lsj800&from=serp&vjs=3
Senior Software Engineer,BOEING,서울,https://kr.indeed.com/viewjob?jk=9f26c2fbcaf1b9bc&tk=1dsr5b5jr7lsj800&from=serp&vjs=3
Software Engineer - Seoul,"Moloco, Inc.",서울,https://kr.indeed.com/viewjob?jk=5bfbfb0c0cefec76&tk=1dsr5b5jr7lsj800&from=serp&vjs=3
"대기업(연구센터) Data Scientist 채용, 석사이상",대기업 (R&D 센터),서울,https://kr.indeed.com/viewjob?jk=0fa40c1f36fac7ee&tk=1dsr5b5jr7lsj800&from=serp&vjs=3
Front-end Developer,"Miso, inc",서울,https://kr.indeed.com/viewjob?jk=9f7d7cbe5e172a01&tk=1dsr5b5jr7lsj800&from=serp&vjs=3
DevOps Engineer,Nielsen,서울,https://kr.indeed.com/viewjob?jk=de8ad67cf88179fe&tk=1dsr5b5jr7lsj800&from=serp&vjs=3
"Senior MTS, Software/Firmware Engineer",Maxim Integrated,서울,https://kr.indeed.com/viewjob?jk=3d3684a7416404d3&tk=1dsr5b5jr7lsj800&from=serp&vjs=3
Automotive Graphics SW APPS Engineering - Engineer/Sr. Engineer,Qualcomm,서울,https://kr.indeed.com/viewjob?jk=277b3d72e827b50c&tk=1dsr5b5jr7lsj800&from=serp&vjs=3
[인재풀] Central Development Services,Electronic Arts,서울,https://kr.indeed.com/viewjob?jk=d9a8d22b38653d34&tk=1dsr5b5jr7lsj800&from=serp&vjs=3
개발팀장 (의료영상 기반 상용 SW),애니메디솔루션 주식회사,서울 송파구,https://kr.indeed.com/viewjob?jk=87668d9fb1dbcb2e&tk=1dsr5b5jr7lsj800&from=serp&vjs=3
"Principal, Data Engineer (EDW Data Processing)",Coupang,서울,https://kr.indeed.com/viewjob?jk=f79f6cd3e91fcc1a&tk=1dsr5b5jr7lsj800&from=serp&vjs=3
데이터 분석가 (Business Intelligence Analyst),코스닥 상장 중견 게임기업,서울 강남구,https://kr.indeed.com/viewjob?jk=c1037225077ca4da&tk=1dsr5b5jr7lsj800&from=serp&vjs=3
Customer Facing Data Scientist,DataRobot,서울,https://kr.indeed.com/viewjob?jk=823d9f2575fd87c4&tk=1dsr5b5jr7lsj800&from=serp&vjs=3
"Sales Engineer (Pre-Sales), Korea",Recorded Future,서울,https://kr.indeed.com/viewjob?jk=1a0fc032fa7d6866&tk=1dsr5b5jr7lsj800&from=serp&vjs=3
Specialist Solutions Architect - Application Development,"Red Hat, Inc.",서울,https://kr.indeed.com/viewjob?jk=64e343a4453f845e&tk=1dsr5b5jr7lsj800&from=serp&vjs=3
SAP Architect,Amazon Web Services Korea LLC,서울,https://kr.indeed.com/viewjob?jk=9301d45725046c1b&tk=1dsr5b5jr7lsj800&from=serp&vjs=3
인프라 플랫폼 개발자,고도소프트,서울 구로구,https://kr.indeed.com/viewjob?jk=2b1c5b35b97700fc&tk=1dsr5b5jr7lsj800&from=serp&vjs=3
한글 Q&A 시스템 연구 개발 신입/경력사원,포티투마루,서울 봉천동,https://kr.indeed.com/viewjob?jk=6f88041c28b6c1ae&tk=1dsr5b5jr7lsj800&from=serp&vjs=3
[수시] ESTsecurity 웹프론트 개발 (경력),이스트소프트,서울 서초구,https://kr.indeed.com/viewjob?jk=bfee747ee084b019&tk=1dsr5b5jr7lsj800&from=serp&vjs=3
[수시] ESTsecurity 서버 백엔드 개발 (경력),이스트소프트,서울 서초구,https://kr.indeed.com/viewjob?jk=4baef3431a39f0c4&tk=1dsr5b5jr7lsj800&from=serp&vjs=3
8퍼센트 개발자 (신입/경력),8퍼센트,서울 종로구,https://kr.indeed.com/viewjob?jk=8af26b37623864c4&tk=1dsr5b5jr7lsj800&from=serp&vjs=3
Full Stack Developer,"Miso, inc",서울,https://kr.indeed.com/viewjob?jk=754348a9c3f08d66&tk=1dsr5b5jr7lsj800&from=serp&vjs=3
파이썬 중급개발자,퓨쳐위즈,서울 강남구,https://kr.indeed.com/viewjob?jk=5ee29e41129934a3&tk=1dsr5b5jr7lsj800&from=serp&vjs=3
Senior Business Analyst (CRM),Coupang,서울,https://kr.indeed.com/viewjob?jk=412f4f5e8d0ee9c5&tk=1dsr5b5jr7lsj800&from=serp&vjs=3
Field Service Engineer,Novetta,서울,https://kr.indeed.com/viewjob?jk=aefb647f9116ad28&tk=1dsr5b5jr7lsj800&from=serp&vjs=3
Front end 개발자,브릭,성남 분당구,https://kr.indeed.com/viewjob?jk=cac18e6bcbee5a21&tk=1dsr5b5jr7lsj800&from=serp&vjs=3
데이터 사이언티스트 / Data Scientist,Bagelcode,서울,https://kr.indeed.com/viewjob?jk=d0ae3cf7638734ac&tk=1dsr5b5jr7lsj800&from=serp&vjs=3
Cloud Support Engineer- Big Data,Amazon Web Services Korea LLC,서울,https://kr.indeed.com/viewjob?jk=2fde1290ada705ac&tk=1dsr5b5jr7lsj800&from=serp&vjs=3
서울 강남구 인썸니아 시니어 개발자 및 퍼블리셔,인썸니아,서울 서초구,https://kr.indeed.com/viewjob?jk=6c1d50662fa2d7f7&tk=1dsr5b5jr7lsj800&from=serp&vjs=3
개발직군 경력사원 채용,시큐아이,서울 회현동,https://kr.indeed.com/viewjob?jk=0bb6408136fbfb4e&tk=1dsr5b5jr7lsj800&from=serp&vjs=3
인프라 플랫폼 개발자,NHN godo,서울 구로구,https://kr.indeed.com/viewjob?jk=c8a7c9c4022a3544&tk=1dsr5b5jr7lsj800&from=serp&vjs=3
성장하는 핀테크 스타트업 BackEnd Developer 경력직,웨이브릿지,서울 강남구,https://kr.indeed.com/viewjob?jk=f8ee4cfdf4dd6934&tk=1dsr5b5jr7lsj800&from=serp&vjs=3
백엔드 엔지니어 (e-커머스),RIDI Corp,서울,https://kr.indeed.com/viewjob?jk=1f5d010157a69eda&tk=1dsr5b5jr7lsj800&from=serp&vjs=3
(주)엘솔루 NLP연구개발직,㈜엘솔루,서울,https://kr.indeed.com/viewjob?jk=3f46d6b013eed283&tk=1dsr5b5jr7lsj800&from=serp&vjs=3
"Linux 경력 계약직, 프리랜서, 알바",퀀텀솔루션,성남 분당구,https://kr.indeed.com/viewjob?jk=91a29bad63359f3f&tk=1dsr5b5jr7lsj800&from=serp&vjs=3
반도체 PI(Frontend) PD(Backend),대기업과 합작한 유망한 외국계 반도체 벤처기업,서울 강남구,https://kr.indeed.com/viewjob?jk=973aa090ad5dc143&tk=1dsr5b5jr7lsj800&from=serp&vjs=3
Technical Trainer - Amazon Web Services,Amazon Web Services Korea LLC,서울,https://kr.indeed.com/viewjob?jk=72ffe4834508e487&tk=1dsr5b5jr7lsj800&from=serp&vjs=3
코리아서버호스팅 백엔드 개발자,코리아서버호스팅,서울 서초구,https://kr.indeed.com/viewjob?jk=33615805797c823f&tk=1dsr5b5jr7lsj800&from=serp&vjs=3
정보계(DW) 시스템 IT 개발,케이뱅크은행,서울,https://kr.indeed.com/viewjob?jk=f5aa64f66cb75c48&tk=1dsr5b5jr7lsj800&from=serp&vjs=3
데이터 엔지니어,크로스앵글,서울 여의도,https://kr.indeed.com/viewjob?jk=ae15250b0a7f47e0&tk=1dsr5b5jr7lsj800&from=serp&vjs=3
경력사원 수시,두산 디지털이노베이션,서울,https://kr.indeed.com/viewjob?jk=dcafe087f86aaa47&tk=1dsr5b5jr7lsj800&from=serp&vjs=3
Platform/BSP SW APPS Engineering - Engineer/Sr. Engineer,Qualcomm,서울,https://kr.indeed.com/viewjob?jk=103175b04a715b9b&tk=1dsr5b5jr7lsj800&from=serp&vjs=3
빅데이터 엔지니어 경력직(정규직),신한에이아이,서울 영등포구,https://kr.indeed.com/viewjob?jk=59e5ed1c3c1ff691&tk=1dsr5b5jr7lsj800&from=serp&vjs=3
[펜타시큐리티] IT 웹보안제품 개발자,펜타시큐리티시스템,서울 영등포구,https://kr.indeed.com/viewjob?jk=25454744384b8aa2&tk=1dsr5b5jr7lsj800&from=serp&vjs=3
데이터 엔지니어,RIDI Corp,서울,https://kr.indeed.com/viewjob?jk=3905e1476e7a9a44&tk=1dsr5b5jr7lsj800&from=serp&vjs=3
"Senior, Software Engineer (Recommendations)",Coupang,서울,https://kr.indeed.com/viewjob?jk=90d6728c4bee5b37&tk=1dsr5b5jr7lsj800&from=serp&vjs=3
[Peertec] Back-end Developer,Peer,서울 강남구,https://kr.indeed.com/viewjob?jk=03ed1748f4bfc686&tk=1dsr5b5jr7lsj800&from=serp&vjs=3
"Specialist Solutions Architect II, Analytics",Amazon Web Services Korea LLC,서울,https://kr.indeed.com/viewjob?jk=0744d7fe5badb8a3&tk=1dsr5b5jr7lsj800&from=serp&vjs=3
AI 개발/Data Scientist/시스템 아키텍쳐/빅데이터엔지니어 경력직,신한에이아이,서울 영등포구,https://kr.indeed.com/viewjob?jk=de44729f90fcae6e&tk=1dsr5b5jr7lsj800&from=serp&vjs=3
영상처리 Software FAE 신입,소니코리아,서울,https://kr.indeed.com/viewjob?jk=f2258f107bd54586&tk=1dsr5b5jr7lsj800&from=serp&vjs=3
반도체 frontend engineer,반도체,서울 동작구,https://kr.indeed.com/viewjob?jk=a0a9534f0fd9e72c&tk=1dsr5b5jr7lsj800&from=serp&vjs=3
링크샵스 플랫폼 개발 및 유지보수 담당,링크샵스,서울 중구,https://kr.indeed.com/viewjob?jk=a6d0f0030a9ad230&tk=1dsr5b5jr7lsj800&from=serp&vjs=3
AI Algorithm Developer,펄핏,서울 강남구,https://kr.indeed.com/viewjob?jk=88b7dece067cd1c6&tk=1dsr5b5jr7lsj800&from=serp&vjs=3
데이터 분석가 / Business Analyst,Bagelcode,서울,https://kr.indeed.com/viewjob?jk=f10477b81840d778&tk=1dsr5b5jr7lsj800&from=serp&vjs=3
"WEb 개발자 경력 정규직, 프리랜서",케이포시큐리티,서울,https://kr.indeed.com/viewjob?jk=22ea43afd8105577&tk=1dsr5b5jr7lsj800&from=serp&vjs=3
Automotive Display SW APPS Engineering - Engineer/Sr. Engineer,Qualcomm,서울,https://kr.indeed.com/viewjob?jk=c853cf6736312a6e&tk=1dsr5b5jr7lsj800&from=serp&vjs=3
[학술 컨설턴트 ] 인문사회분야 신입/경력직,대성인력자원개발,서울 성동구,https://kr.indeed.com/viewjob?jk=a8a9294f638acf85&tk=1dsr5b5jr7lsj800&from=serp&vjs=3
Cloud Support Engineer - Developer and Mobile Services,Amazon Web Services Korea LLC,서울,https://kr.indeed.com/viewjob?jk=930a6a7d80e095bc&tk=1dsr5b5jr7lsj800&from=serp&vjs=3
백엔드 개발자 (경력),크로스앵글,서울 여의도,https://kr.indeed.com/viewjob?jk=af5683389907a8c9&tk=1dsr5b5jr7lsj800&from=serp&vjs=3
[IDC 기업] API 개발자,에이치알 컨설팅,성남 분당구,https://kr.indeed.com/viewjob?jk=8e432471acbf1c01&tk=1dsr5b5jr7lsj800&from=serp&vjs=3
파이썬SW 금융분야 특화 챗봇 개발 함께 할 엔지니어,파운트,서울 충정로역,https://kr.indeed.com/viewjob?jk=ffd9cedb23e97344&tk=1dsr5b5jr7lsj800&from=serp&vjs=3
백엔드 플랫폼 엔지니어 - Devops (신입),펍지,서울,https://kr.indeed.com/viewjob?jk=adb5ac4e37052a3c&tk=1dsr5b5jr7lsj800&from=serp&vjs=3
데이터 분석가 (Business Intelligence Analyst),코스닥 상장 중견 게임기업,서울 강남구,https://kr.indeed.com/viewjob?jk=c1037225077ca4da&tk=1dsr5b5jr7lsj800&from=serp&vjs=3
[경력]밸런스 기획 담당자,JANDISOFT,서울 영등포구,https://kr.indeed.com/viewjob?jk=c7c59d54b02de0a0&tk=1dsr5b5jr7lsj800&from=serp&vjs=3
데이터 개발 및 관리 운영자,에스비씨엔,서울 영등포구,https://kr.indeed.com/viewjob?jk=155f9ec0ce645831&tk=1dsr5b5jr7lsj800&from=serp&vjs=3
"웹사이트운영, Trading System운영 외 신입/경력 정규직, 인턴",케이제이글로비스케이알,서울 강남구,https://kr.indeed.com/viewjob?jk=566ede42b3bbefbd&tk=1dsr5b5jr7lsj800&from=serp&vjs=3
웹 개발 경력자 정규직,우루루,서울 강남구,https://kr.indeed.com/viewjob?jk=735148843348470b&tk=1dsr5b5jr7lsj800&from=serp&vjs=3
백엔드 엔지니어 (e-커머스),RIDI Corp,서울,https://kr.indeed.com/viewjob?jk=1f5d010157a69eda&tk=1dsr5b5jr7lsj800&from=serp&vjs=3
Senior Back-end Developer,Asiance,서울,https://kr.indeed.com/viewjob?jk=27352452ed0a0ea9&tk=1dsr5b5jr7lsj800&from=serp&vjs=3
"모바일 앱 서버 개발(Java, Python)",휴먼디지털,서울,https://kr.indeed.com/viewjob?jk=16dff836029458af&tk=1dsr5b5jr7lsj800&from=serp&vjs=3
Senior Developer - Cloud Infrastructure Development,SAP,서울,https://kr.indeed.com/viewjob?jk=6569d4c4cee994f6&tk=1dsr5b5jr7lsj800&from=serp&vjs=3
저축은행 소비자금융 Data Science,국내자본 저축은행,서울 구로구,https://kr.indeed.com/viewjob?jk=9cd311595b3e4bea&tk=1dsr5b5jr7lsj800&from=serp&vjs=3
Sr. Back-end Engineer (Query Understanding),Coupang,서울,https://kr.indeed.com/viewjob?jk=0df2999925f12355&tk=1dsr5b5jr7lsj800&from=serp&vjs=3
영상처리 Software FAE 신입,소니코리아,서울,https://kr.indeed.com/viewjob?jk=f2258f107bd54586&tk=1dsr5b5jr7lsj800&from=serp&vjs=3
AI Algorithm Developer,펄핏,서울 강남구,https://kr.indeed.com/viewjob?jk=88b7dece067cd1c6&tk=1dsr5b5jr7lsj800&from=serp&vjs=3
Data Scientist,해외송금 전문업체,서울 강남구,https://kr.indeed.com/viewjob?jk=485b1cd148dc524a&tk=1dsr5b5jr7lsj800&from=serp&vjs=3
위시켓과 함께할 서버개발자님,위시켓,서울 강남구,https://kr.indeed.com/viewjob?jk=a3a65a4d59061430&tk=1dsr5b5jr7lsj800&from=serp&vjs=3
[금천구/벤처기업] 정규직 안드로이드 개발자,KIAC,서울,https://kr.indeed.com/viewjob?jk=47b611532dc1ee8e&tk=1dsr5b5jr7lsj800&from=serp&vjs=3
Senior Business Analyst (CRM),Coupang,서울,https://kr.indeed.com/viewjob?jk=412f4f5e8d0ee9c5&tk=1dsr5b5jr7lsj800&from=serp&vjs=3
[KSTEC] RPA 시스템 개발 경력사원,지식시스템,성남 분당구,https://kr.indeed.com/viewjob?jk=fa305c0df75baf54&tk=1dsr5b5jr7lsj800&from=serp&vjs=3
파이썬 중급개발자,퓨쳐위즈,서울 강남구,https://kr.indeed.com/viewjob?jk=5ee29e41129934a3&tk=1dsr5b5jr7lsj800&from=serp&vjs=3
[인재풀] Central Development Services,Electronic Arts,서울,https://kr.indeed.com/viewjob?jk=d9a8d22b38653d34&tk=1dsr5b5jr7lsj800&from=serp&vjs=3
[Mobile] 데이터 개발 (인프라),펍지,서울,https://kr.indeed.com/viewjob?jk=57efbc3513f8842b&tk=1dsr5b5jr7lsj800&from=serp&vjs=3
데이터 엔지니어,RIDI Corp,서울,https://kr.indeed.com/viewjob?jk=3905e1476e7a9a44&tk=1dsr5b5jr7lsj800&from=serp&vjs=3
Software Engineer,이스트게임즈,서울 서초구,https://kr.indeed.com/viewjob?jk=f530f3ee26644bbd&tk=1dsr5b5jr7lsj800&from=serp&vjs=3
(주)엘솔루 웹개발자,㈜엘솔루,서울,https://kr.indeed.com/viewjob?jk=f96c6c892a013cf0&tk=1dsr5b5jr7lsj800&from=serp&vjs=3
[Mobile] 데이터 분석가 (신입/경력),펍지,서울,https://kr.indeed.com/viewjob?jk=35d9e2deb358eb6c&tk=1dsr5b5jr7lsj800&from=serp&vjs=3
영상처리 Software FAE 경력,소니코리아,서울,https://kr.indeed.com/viewjob?jk=b720807a7cbf6d10&tk=1dsr5b5jr7lsj800&from=serp&vjs=3
[구직 Platform] Java Backend 개발자 급구,에이아이앤잡,서울 강남구,https://kr.indeed.com/viewjob?jk=e8dbc25154e298a2&tk=1dsr5b5jr7lsj800&from=serp&vjs=3
저축은행 소비자금융 Data Science 팀,국내자본 저축은행,서울 구로구,https://kr.indeed.com/viewjob?jk=cdf617324298bb9d&tk=1dsr5b5jr7lsj800&from=serp&vjs=3
Software Engineer - Data Platform,펍지,서울,https://kr.indeed.com/viewjob?jk=e53e9a565e6d79df&tk=1dsr5b5jr7lsj800&from=serp&vjs=3
Application Architect는 기업 IT인프라에 WEB/WAS 및 Application에 대한 Config 및 파라미터 튜닝,"15년 연혁의 시스템소프트웨어 개발,공급,홈페이지 구축,모바일컨텐츠서비스 개발 및 공급업체",서울 강남구,https://kr.indeed.com/viewjob?jk=67aeadb8192fa39f&tk=1dsr5b5jr7lsj800&from=serp&vjs=3
[경력] 회계 감사 디지털 전문가 - DPP,삼정 KPMG,서울 강남구,https://kr.indeed.com/viewjob?jk=5104262b441217e5&tk=1dsr5b5jr7lsj800&from=serp&vjs=3
가상화폐 개발 경력자,휴먼디지털,서울,https://kr.indeed.com/viewjob?jk=eb524bae20ec458a&tk=1dsr5b5jr7lsj800&from=serp&vjs=3
경력사원 수시,두산 디지털이노베이션,서울,https://kr.indeed.com/viewjob?jk=dcafe087f86aaa47&tk=1dsr5b5jr7lsj800&from=serp&vjs=3
저축은행 소비자금융 Data Science 팀 ( 지원마감 ),국내자본 저축은행,서울 구로구,https://kr.indeed.com/viewjob?jk=c5e568ffa92ca5dc&tk=1dsr5b5jr7lsj800&from=serp&vjs=3
대기업 영상보안 네트워크 프로토콜 SW 개발 정규직,인파트너스,서울 서초구,https://kr.indeed.com/viewjob?jk=b4f6d8a8517cf6f7&tk=1dsr5b5jr7lsj800&from=serp&vjs=3
백엔드 파운트 시스템 엔지니어 (현재 급여수준 이상 보장),파운트,서울 충정로역,https://kr.indeed.com/viewjob?jk=d6c05c588971df5a&tk=1dsr5b5jr7lsj800&from=serp&vjs=3
빅데이터 엔지니어 경력직(정규직),신한에이아이,서울 영등포구,https://kr.indeed.com/viewjob?jk=59e5ed1c3c1ff691&tk=1dsr5b5jr7lsj800&from=serp&vjs=3
디지털LAB 신기술파트,국내자본 저축은행,서울 구로구,https://kr.indeed.com/viewjob?jk=d24428ed26f0b058&tk=1dsr5b5jr7lsj800&from=serp&vjs=3
Senior Full-Stack Developer,Asiance,서울,https://kr.indeed.com/viewjob?jk=dcbce45dbe2d3679&tk=1dsr5b5jr7lsj800&from=serp&vjs=3
파이썬SW 금융분야 특화 챗봇 개발 함께 할 엔지니어,파운트,서울 충정로역,https://kr.indeed.com/viewjob?jk=ffd9cedb23e97344&tk=1dsr5b5jr7lsj800&from=serp&vjs=3
"대기업 (연구센터) NLP 경력자, 석사이상",대기업 (R&D 센터),서울,https://kr.indeed.com/viewjob?jk=3de3529ea039429c&tk=1dsr5b5jr7lsj800&from=serp&vjs=3
[구직 Platform] Frontend 개발 전문가 급구,ES GROUP,서울 강남구,https://kr.indeed.com/viewjob?jk=cde86e099a2a4639&tk=1dsr5b5jr7lsj800&from=serp&vjs=3
[구직 Platform] Frontend 개발 전문가 급구,에이아이앤잡,서울 강남구,https://kr.indeed.com/viewjob?jk=eabd2f2876b50a04&tk=1dsr5b5jr7lsj800&from=serp&vjs=3
"Senior, Software Engineer (Search Quality Assurance)",Coupang,서울,https://kr.indeed.com/viewjob?jk=7a08f5e589b10a00&tk=1dsr5b5jr7lsj800&from=serp&vjs=3
백엔드 플랫폼 엔지니어 - Devops (경력),펍지,서울,https://kr.indeed.com/viewjob?jk=c0d0864dfaa84124&tk=1dsr5b5jr7lsj800&from=serp&vjs=3
[정규직/본사근무] PHP 웹 개발자 (경력),이랜서,서울 강남구,https://kr.indeed.com/viewjob?jk=194a28e271f583b3&tk=1dsr5b5jr7lsj800&from=serp&vjs=3
데이터 엔지니어,크로스앵글,서울 여의도,https://kr.indeed.com/viewjob?jk=ae15250b0a7f47e0&tk=1dsr5b5jr7lsj800&from=serp&vjs=3
백엔드 플랫폼 엔지니어 - Devops (신입),펍지,서울,https://kr.indeed.com/viewjob?jk=adb5ac4e37052a3c&tk=1dsr5b5jr7lsj800&from=serp&vjs=3
데이터분석(모바일App)(경력6~9년) - 유명상장유통서비스대기업,타겟컨설팅,서울,https://kr.indeed.com/viewjob?jk=5f6c6ca1ea8d9eaf&tk=1dsr5b5jr7lsj800&from=serp&vjs=3
"Cloud DBA RDBMS(Oracle, Mysql, Postgresql, MS-SQL 등) 관리 및 운영","15년 연혁의 시스템소프트웨어 개발,공급,홈페이지 구축,모바일컨텐츠서비스 개발 및 공급업체",서울 강남구,https://kr.indeed.com/viewjob?jk=e2aaedce173f1b06&tk=1dsr5b5jr7lsj800&from=serp&vjs=3
10대그룹IT계열사 IT포지션 중,에이치알 컨설팅,서울 종로구,https://kr.indeed.com/viewjob?jk=2d8d7f86379461fd&tk=1dsr5b5jr7lsj800&from=serp&vjs=3
데이터 분석가 (Business Intelligence Analyst),코스닥 상장 중견 게임기업,서울 강남구,https://kr.indeed.com/viewjob?jk=c1037225077ca4da&tk=1dsr5b5jr7lsj800&from=serp&vjs=3
디지털LAB 신기술파트,국내자본 저축은행,서울 구로구,https://kr.indeed.com/viewjob?jk=d24428ed26f0b058&tk=1dsr5b5jr7lsj800&from=serp&vjs=3
저축은행 디지털 LAB,국내자본 저축은행,서울 구로구,https://kr.indeed.com/viewjob?jk=a58b91ab3d74f02d&tk=1dsr5b5jr7lsj800&from=serp&vjs=3
Sr. Data Architect - Data Lakes & Analytics,Amazon Web Services Korea LLC,서울,https://kr.indeed.com/viewjob?jk=39834f5337a56072&tk=1dsr5b5jr7lsj800&from=serp&vjs=3
정보계(빅데이터) 시스템 IT 개발,케이뱅크은행,서울,https://kr.indeed.com/viewjob?jk=6f12a9aab17ec9b6&tk=1dsr5b5jr7lsj800&from=serp&vjs=3
[Mobile] 데이터 개발 (인프라),펍지,서울,https://kr.indeed.com/viewjob?jk=57efbc3513f8842b&tk=1dsr5b5jr7lsj800&from=serp&vjs=3
Data Scientist,해외송금 전문업체,서울 강남구,https://kr.indeed.com/viewjob?jk=e8d1c3f88e0b200b&tk=1dsr5b5jr7lsj800&from=serp&vjs=3
(주)엘솔루 웹개발자,㈜엘솔루,서울,https://kr.indeed.com/viewjob?jk=f96c6c892a013cf0&tk=1dsr5b5jr7lsj800&from=serp&vjs=3
저축은행 디지털뱅킹팀 데이터분석 경력,국내자본 저축은행,서울 구로구,https://kr.indeed.com/viewjob?jk=53ced11b1e0addce&tk=1dsr5b5jr7lsj800&from=serp&vjs=3
"대기업 (연구센터) NLP 경력자, 석사이상",대기업 (R&D 센터),서울,https://kr.indeed.com/viewjob?jk=3de3529ea039429c&tk=1dsr5b5jr7lsj800&from=serp&vjs=3
Data Scientist (사원~차장급),에이치알 컨설팅,서울 강남역,https://kr.indeed.com/viewjob?jk=c57925000772d546&tk=1dsr5b5jr7lsj800&from=serp&vjs=3
Big Data Engineer,휴먼디지털,서울,https://kr.indeed.com/viewjob?jk=6863b8ecbee9cb28&tk=1dsr5b5jr7lsj800&from=serp&vjs=3
대기업연구센터 인공지능 ( 음성인식 ) 기술개발,대기업 (R&D 센터),서울,https://kr.indeed.com/viewjob?jk=2a18d426be8b146a&tk=1dsr5b5jr7lsj800&from=serp&vjs=3
저축은행 소비자금융 Data Science 팀,국내자본 저축은행,서울 구로구,https://kr.indeed.com/viewjob?jk=cdf617324298bb9d&tk=1dsr5b5jr7lsj800&from=serp&vjs=3
"모바일 앱 서버 개발(Java, Python)",휴먼디지털,서울,https://kr.indeed.com/viewjob?jk=16dff836029458af&tk=1dsr5b5jr7lsj800&from=serp&vjs=3
"IT 기획, 운영 (대리-과장급) 초빙 - 유명 유통사",로이스에이치알,서울,https://kr.indeed.com/viewjob?jk=b4e795fb8e6fd0ed&tk=1dsr5b5jr7lsj800&from=serp&vjs=3
가상화폐 개발 경력자,휴먼디지털,서울,https://kr.indeed.com/viewjob?jk=eb524bae20ec458a&tk=1dsr5b5jr7lsj800&from=serp&vjs=3
가상화폐 프로그래머,휴먼디지털,서울,https://kr.indeed.com/viewjob?jk=527ede840149154c&tk=1dsr5b5jr7lsj800&from=serp&vjs=3
서버 개발자,유명메신저회사,서울 강남구,https://kr.indeed.com/viewjob?jk=0a8de9ccfaf243ab&tk=1dsr5b5jr7lsj800&from=serp&vjs=3
저축은행 소비자금융 Data Science,국내자본 저축은행,서울 구로구,https://kr.indeed.com/viewjob?jk=9cd311595b3e4bea&tk=1dsr5b5jr7lsj800&from=serp&vjs=3
"Partner Solutions Architect III, Analytics Specialist",Amazon Web Services Korea LLC,서울,https://kr.indeed.com/viewjob?jk=7a837beac7ac8bcd&tk=1dsr5b5jr7lsj800&from=serp&vjs=3
Solutions Architect III - AWS Korea,Amazon Web Services Korea LLC,서울,https://kr.indeed.com/viewjob?jk=8fc5722cb9223fea&tk=1dsr5b5jr7lsj800&from=serp&vjs=3
"Cloud기반의 인프라 운용 및 OS(Linux, Windows)/application 의 운용이 가능한 인원 또는 교육 이수자","15년 연혁의 시스템소프트웨어 개발,공급,홈페이지 구축,모바일컨텐츠서비스 개발 및 공급업체",서울 강남구,https://kr.indeed.com/viewjob?jk=cb5de3f9d0a98a7c&tk=1dsr5b5jr7lsj800&from=serp&vjs=3
Operations Associate (운영팀원) - 한국,Beam,서울,https://kr.indeed.com/viewjob?jk=e58c6fe6fd87f03e&tk=1dsr5b5jr7lsj800&from=serp&vjs=3
저축은행 소비자금융본부 Data Science 팀,국내자본 저축은행,서울 구로구,https://kr.indeed.com/viewjob?jk=7376f377161ea4f2&tk=1dsr5b5jr7lsj800&from=serp&vjs=3
저축은행 디지털뱅킹팀 데이터분석,국내자본 저축은행,서울 구로구,https://kr.indeed.com/viewjob?jk=51dcabafcf7a0bb0&tk=1dsr5b5jr7lsj800&from=serp&vjs=3
대기업 연구센터 Data Scientist 파트장 채용 (석박사 연구원),대기업 (R&D 센터),서울,https://kr.indeed.com/viewjob?jk=b8fdcbba132d7e1f&tk=1dsr5b5jr7lsj800&from=serp&vjs=3
저축은행 소비자금융 Data Science 팀 ( 지원마감 ),국내자본 저축은행,서울 구로구,https://kr.indeed.com/viewjob?jk=c5e568ffa92ca5dc&tk=1dsr5b5jr7lsj800&from=serp&vjs=3
시스템 프로그래머,에너지 거래소 및 에너지데이터 중개,서울,https://kr.indeed.com/viewjob?jk=33fbfcd01ae23602&tk=1dsr5b5jr7lsj800&from=serp&vjs=3
저축은행 다이랙트마케팅팀 데이터분석,국내자본 저축은행,서울 구로구,https://kr.indeed.com/viewjob?jk=79da9b878d3d8709&tk=1dsr5b5jr7lsj800&from=serp&vjs=3
웹 개발 Java·JSP 경력사원,핀마트,서울 금천구,https://kr.indeed.com/viewjob?jk=720358989de4d717&tk=1dsr5b5jr7lsj800&from=serp&vjs=3
저축은행 앱마케팅팀,국내자본 저축은행,서울 구로구,https://kr.indeed.com/viewjob?jk=35cefd4d91c7b366&tk=1dsr5b5jr7lsj800&from=serp&vjs=3
Data Scientist,에너지 거래소 및 에너지데이터 중개,서울,https://kr.indeed.com/viewjob?jk=1622a08497f8c091&tk=1dsr5b5jr7lsj800&from=serp&vjs=3
Back-end Web Engineer,Success Korea,서울 서초구,https://kr.indeed.com/viewjob?jk=89067ba5fc5296c0&tk=1dsr5b5jr7lsj800&from=serp&vjs=3
클라우드 인프라 엔지니어,에이치알 컨설팅,서울 신대방동,https://kr.indeed.com/viewjob?jk=398910d911cb1d8f&tk=1dsr5b5jr7lsj800&from=serp&vjs=3
데이터분석 플랫폼 설계.개발.운영(대리-과장급) 초빙 - 유명 유통사,로이스에이치알,서울,https://kr.indeed.com/viewjob?jk=e5fa9b6594f634fb&tk=1dsr5b5jr7lsj800&from=serp&vjs=3
AI(인공지능) 개발자,휴먼디지털,서울,https://kr.indeed.com/viewjob?jk=d498993697237b33&tk=1dsr5b5jr7lsj800&from=serp&vjs=3
운영(Business Operation Management) 경력자,유명메신저회사,서울 성동구,https://kr.indeed.com/viewjob?jk=caccb1d9be6bc918&tk=1dsr5b5jr7lsj800&from=serp&vjs=3
디지털마케팅본부 수신상품 기획 및 전략수립 경력자,국내자본 저축은행,서울,https://kr.indeed.com/viewjob?jk=509e7ab10e54f962&tk=1dsr5b5jr7lsj800&from=serp&vjs=3
Operations Manager (운영팀장) - 한국,Beam,서울,https://kr.indeed.com/viewjob?jk=43bf0c7e2b10e9b5&tk=1dsr5b5jr7lsj800&from=serp&vjs=3
데이터 분석가 (Business Intelligence Analyst),코스닥 상장 중견 게임기업,서울 강남구,https://kr.indeed.com/viewjob?jk=c1037225077ca4da&tk=1dsr5b5jr7lsj800&from=serp&vjs=3
